user_id,content_id,reward,interaction_type,timestamp,emotion_scores,emotion_intensity,feature_vector
user_001,W002,0.1,view,2026-09-20T07:52:14.189195+00:00,"{""joy"": 0.190560445189476, ""sadness"": 0.506386935710907, ""anger"": 0.09075552970170975, ""fear"": 0.9185594320297241, ""surprise"": 0.5630034804344177, ""disgust"": 0.048235632479190826}",0.9788747228364341,{}
user_001,W002,0.5,start,2026-09-20T07:52:17.427745+00:00,"{""joy"": 0.190560445189476, ""sadness"": 0.506386935710907, ""anger"": 0.09075552970170975, ""fear"": 0.9185594320297241, ""surprise"": 0.5630034804344177, ""disgust"": 0.048235632479190826}",0.9788747228364341,{}
user_001,W002,0.8,complete,2026-09-20T07:52:20.833237+00:00,"{""joy"": 0.190560445189476, ""sadness"": 0.506386935710907, ""anger"": 0.09075552970170975, ""fear"": 0.9185594320297241, ""surprise"": 0.5630034804344177, ""disgust"": 0.048235632479190826}",0.9788747228364341,{}
user_001,W002,1.0,helpful,2026-09-20T07:52:22.759510+00:00,"{""joy"": 0.190560445189476, ""sadness"": 0.506386935710907, ""anger"": 0.09075552970170975, ""fear"": 0.9185594320297241, ""surprise"": 0.5630034804344177, ""disgust"": 0.048235632479190826}",0.9788747228364341,{}
user_001,W002,0.0,skip,2026-09-20T07:52:24.765016+00:00,"{""joy"": 0.190560445189476, ""sadness"": 0.506386935710907, ""anger"": 0.09075552970170975, ""fear"": 0.9185594320297241, ""surprise"": 0.5630034804344177, ""disgust"": 0.048235632479190826}",0.9788747228364341,{}
user_001,W001,0.5,start,2026-09-20T09:09:07.607703+00:00,"{""joy"": 0.2664808928966522, ""sadness"": 0.9548580050468445, ""anger"": 0.2390328198671341, ""fear"": 0.2539949119091034, ""surprise"": 0.26242780685424805, ""disgust"": 0.11684618145227432}",0.9290261944326388,{}
user_001,W001,0.5,start,2026-09-20T09:09:08.763236+00:00,"{""joy"": 0.2664808928966522, ""sadness"": 0.9548580050468445, ""anger"": 0.2390328198671341, ""fear"": 0.2539949119091034, ""surprise"": 0.26242780685424805, ""disgust"": 0.11684618145227432}",0.9290261944326388,{}
user_001,W001,0.8,complete,2026-09-20T09:09:15.756223+00:00,"{""joy"": 0.2664808928966522, ""sadness"": 0.9548580050468445, ""anger"": 0.2390328198671341, ""fear"": 0.2539949119091034, ""surprise"": 0.26242780685424805, ""disgust"": 0.11684618145227432}",0.9290261944326388,{}
user_001,W001,1.0,helpful,2026-09-20T09:09:18.264597+00:00,"{""joy"": 0.2664808928966522, ""sadness"": 0.9548580050468445, ""anger"": 0.2390328198671341, ""fear"": 0.2539949119091034, ""surprise"": 0.26242780685424805, ""disgust"": 0.11684618145227432}",0.9290261944326388,{}
